-- Trading Challenge — DEMO SEED DATA
-- Generated by scripts/generate-seed.mjs
--
-- HOW TO USE:
-- 1. Run schema.sql first in Supabase SQL Editor
-- 2. Run migrations/002_storage_and_trade_fields.sql
-- 3. Run this file
--
-- Demo login (all users):
--   Password: Demo1234!
--   Emails: ilian@challenge.demo, ivan@challenge.demo, etc.
--
-- Leaderboard after seed:
--   Ilian ~$143 · Ivan ~$102 · Dimitar ~$89 · Georgi ~$67 · ...

CREATE EXTENSION IF NOT EXISTS pgcrypto;

-- Clean previous demo data
DELETE FROM public.trades WHERE user_id IN (
  '11111111-1111-4111-8111-111111111101', '11111111-1111-4111-8111-111111111102', '11111111-1111-4111-8111-111111111107', '11111111-1111-4111-8111-111111111103', '11111111-1111-4111-8111-111111111104', '11111111-1111-4111-8111-111111111105', '11111111-1111-4111-8111-111111111108', '11111111-1111-4111-8111-111111111106'
);
DELETE FROM public.profiles WHERE id IN (
  '11111111-1111-4111-8111-111111111101', '11111111-1111-4111-8111-111111111102', '11111111-1111-4111-8111-111111111107', '11111111-1111-4111-8111-111111111103', '11111111-1111-4111-8111-111111111104', '11111111-1111-4111-8111-111111111105', '11111111-1111-4111-8111-111111111108', '11111111-1111-4111-8111-111111111106'
);
DELETE FROM auth.identities WHERE user_id IN (
  '11111111-1111-4111-8111-111111111101', '11111111-1111-4111-8111-111111111102', '11111111-1111-4111-8111-111111111107', '11111111-1111-4111-8111-111111111103', '11111111-1111-4111-8111-111111111104', '11111111-1111-4111-8111-111111111105', '11111111-1111-4111-8111-111111111108', '11111111-1111-4111-8111-111111111106'
);
DELETE FROM auth.users WHERE email LIKE '%@challenge.demo';


-- User: Ilian
INSERT INTO auth.users (
  id, instance_id, aud, role, email, encrypted_password,
  email_confirmed_at, created_at, updated_at,
  raw_app_meta_data, raw_user_meta_data, is_super_admin, confirmation_token
) VALUES (
  '11111111-1111-4111-8111-111111111101',
  '00000000-0000-0000-0000-000000000000',
  'authenticated', 'authenticated',
  'ilian@challenge.demo',
  crypt('Demo1234!', gen_salt('bf')),
  now(), now(), now(),
  '{"provider":"email","providers":["email"]}',
  '{"username":"ilian","display_name":"Ilian"}',
  false, ''
);

INSERT INTO auth.identities (
  id, user_id, identity_data, provider, provider_id, last_sign_in_at, created_at, updated_at
) VALUES (
  gen_random_uuid(), '11111111-1111-4111-8111-111111111101',
  jsonb_build_object('sub', '11111111-1111-4111-8111-111111111101', 'email', 'ilian@challenge.demo'),
  'email', '11111111-1111-4111-8111-111111111101', now(), now(), now()
);

INSERT INTO public.profiles (id, username, display_name)
VALUES ('11111111-1111-4111-8111-111111111101', 'ilian', 'Ilian')
ON CONFLICT (id) DO UPDATE SET username = EXCLUDED.username, display_name = EXCLUDED.display_name;


-- User: Ivan
INSERT INTO auth.users (
  id, instance_id, aud, role, email, encrypted_password,
  email_confirmed_at, created_at, updated_at,
  raw_app_meta_data, raw_user_meta_data, is_super_admin, confirmation_token
) VALUES (
  '11111111-1111-4111-8111-111111111102',
  '00000000-0000-0000-0000-000000000000',
  'authenticated', 'authenticated',
  'ivan@challenge.demo',
  crypt('Demo1234!', gen_salt('bf')),
  now(), now(), now(),
  '{"provider":"email","providers":["email"]}',
  '{"username":"ivan","display_name":"Ivan"}',
  false, ''
);

INSERT INTO auth.identities (
  id, user_id, identity_data, provider, provider_id, last_sign_in_at, created_at, updated_at
) VALUES (
  gen_random_uuid(), '11111111-1111-4111-8111-111111111102',
  jsonb_build_object('sub', '11111111-1111-4111-8111-111111111102', 'email', 'ivan@challenge.demo'),
  'email', '11111111-1111-4111-8111-111111111102', now(), now(), now()
);

INSERT INTO public.profiles (id, username, display_name)
VALUES ('11111111-1111-4111-8111-111111111102', 'ivan', 'Ivan')
ON CONFLICT (id) DO UPDATE SET username = EXCLUDED.username, display_name = EXCLUDED.display_name;


-- User: Dimitar
INSERT INTO auth.users (
  id, instance_id, aud, role, email, encrypted_password,
  email_confirmed_at, created_at, updated_at,
  raw_app_meta_data, raw_user_meta_data, is_super_admin, confirmation_token
) VALUES (
  '11111111-1111-4111-8111-111111111107',
  '00000000-0000-0000-0000-000000000000',
  'authenticated', 'authenticated',
  'dimitar@challenge.demo',
  crypt('Demo1234!', gen_salt('bf')),
  now(), now(), now(),
  '{"provider":"email","providers":["email"]}',
  '{"username":"dimitar","display_name":"Dimitar"}',
  false, ''
);

INSERT INTO auth.identities (
  id, user_id, identity_data, provider, provider_id, last_sign_in_at, created_at, updated_at
) VALUES (
  gen_random_uuid(), '11111111-1111-4111-8111-111111111107',
  jsonb_build_object('sub', '11111111-1111-4111-8111-111111111107', 'email', 'dimitar@challenge.demo'),
  'email', '11111111-1111-4111-8111-111111111107', now(), now(), now()
);

INSERT INTO public.profiles (id, username, display_name)
VALUES ('11111111-1111-4111-8111-111111111107', 'dimitar', 'Dimitar')
ON CONFLICT (id) DO UPDATE SET username = EXCLUDED.username, display_name = EXCLUDED.display_name;


-- User: Georgi
INSERT INTO auth.users (
  id, instance_id, aud, role, email, encrypted_password,
  email_confirmed_at, created_at, updated_at,
  raw_app_meta_data, raw_user_meta_data, is_super_admin, confirmation_token
) VALUES (
  '11111111-1111-4111-8111-111111111103',
  '00000000-0000-0000-0000-000000000000',
  'authenticated', 'authenticated',
  'georgi@challenge.demo',
  crypt('Demo1234!', gen_salt('bf')),
  now(), now(), now(),
  '{"provider":"email","providers":["email"]}',
  '{"username":"georgi","display_name":"Georgi"}',
  false, ''
);

INSERT INTO auth.identities (
  id, user_id, identity_data, provider, provider_id, last_sign_in_at, created_at, updated_at
) VALUES (
  gen_random_uuid(), '11111111-1111-4111-8111-111111111103',
  jsonb_build_object('sub', '11111111-1111-4111-8111-111111111103', 'email', 'georgi@challenge.demo'),
  'email', '11111111-1111-4111-8111-111111111103', now(), now(), now()
);

INSERT INTO public.profiles (id, username, display_name)
VALUES ('11111111-1111-4111-8111-111111111103', 'georgi', 'Georgi')
ON CONFLICT (id) DO UPDATE SET username = EXCLUDED.username, display_name = EXCLUDED.display_name;


-- User: Petar
INSERT INTO auth.users (
  id, instance_id, aud, role, email, encrypted_password,
  email_confirmed_at, created_at, updated_at,
  raw_app_meta_data, raw_user_meta_data, is_super_admin, confirmation_token
) VALUES (
  '11111111-1111-4111-8111-111111111104',
  '00000000-0000-0000-0000-000000000000',
  'authenticated', 'authenticated',
  'petar@challenge.demo',
  crypt('Demo1234!', gen_salt('bf')),
  now(), now(), now(),
  '{"provider":"email","providers":["email"]}',
  '{"username":"petar","display_name":"Petar"}',
  false, ''
);

INSERT INTO auth.identities (
  id, user_id, identity_data, provider, provider_id, last_sign_in_at, created_at, updated_at
) VALUES (
  gen_random_uuid(), '11111111-1111-4111-8111-111111111104',
  jsonb_build_object('sub', '11111111-1111-4111-8111-111111111104', 'email', 'petar@challenge.demo'),
  'email', '11111111-1111-4111-8111-111111111104', now(), now(), now()
);

INSERT INTO public.profiles (id, username, display_name)
VALUES ('11111111-1111-4111-8111-111111111104', 'petar', 'Petar')
ON CONFLICT (id) DO UPDATE SET username = EXCLUDED.username, display_name = EXCLUDED.display_name;


-- User: Maria
INSERT INTO auth.users (
  id, instance_id, aud, role, email, encrypted_password,
  email_confirmed_at, created_at, updated_at,
  raw_app_meta_data, raw_user_meta_data, is_super_admin, confirmation_token
) VALUES (
  '11111111-1111-4111-8111-111111111105',
  '00000000-0000-0000-0000-000000000000',
  'authenticated', 'authenticated',
  'maria@challenge.demo',
  crypt('Demo1234!', gen_salt('bf')),
  now(), now(), now(),
  '{"provider":"email","providers":["email"]}',
  '{"username":"maria","display_name":"Maria"}',
  false, ''
);

INSERT INTO auth.identities (
  id, user_id, identity_data, provider, provider_id, last_sign_in_at, created_at, updated_at
) VALUES (
  gen_random_uuid(), '11111111-1111-4111-8111-111111111105',
  jsonb_build_object('sub', '11111111-1111-4111-8111-111111111105', 'email', 'maria@challenge.demo'),
  'email', '11111111-1111-4111-8111-111111111105', now(), now(), now()
);

INSERT INTO public.profiles (id, username, display_name)
VALUES ('11111111-1111-4111-8111-111111111105', 'maria', 'Maria')
ON CONFLICT (id) DO UPDATE SET username = EXCLUDED.username, display_name = EXCLUDED.display_name;


-- User: Nina
INSERT INTO auth.users (
  id, instance_id, aud, role, email, encrypted_password,
  email_confirmed_at, created_at, updated_at,
  raw_app_meta_data, raw_user_meta_data, is_super_admin, confirmation_token
) VALUES (
  '11111111-1111-4111-8111-111111111108',
  '00000000-0000-0000-0000-000000000000',
  'authenticated', 'authenticated',
  'nina@challenge.demo',
  crypt('Demo1234!', gen_salt('bf')),
  now(), now(), now(),
  '{"provider":"email","providers":["email"]}',
  '{"username":"nina","display_name":"Nina"}',
  false, ''
);

INSERT INTO auth.identities (
  id, user_id, identity_data, provider, provider_id, last_sign_in_at, created_at, updated_at
) VALUES (
  gen_random_uuid(), '11111111-1111-4111-8111-111111111108',
  jsonb_build_object('sub', '11111111-1111-4111-8111-111111111108', 'email', 'nina@challenge.demo'),
  'email', '11111111-1111-4111-8111-111111111108', now(), now(), now()
);

INSERT INTO public.profiles (id, username, display_name)
VALUES ('11111111-1111-4111-8111-111111111108', 'nina', 'Nina')
ON CONFLICT (id) DO UPDATE SET username = EXCLUDED.username, display_name = EXCLUDED.display_name;


-- User: Alex
INSERT INTO auth.users (
  id, instance_id, aud, role, email, encrypted_password,
  email_confirmed_at, created_at, updated_at,
  raw_app_meta_data, raw_user_meta_data, is_super_admin, confirmation_token
) VALUES (
  '11111111-1111-4111-8111-111111111106',
  '00000000-0000-0000-0000-000000000000',
  'authenticated', 'authenticated',
  'alex@challenge.demo',
  crypt('Demo1234!', gen_salt('bf')),
  now(), now(), now(),
  '{"provider":"email","providers":["email"]}',
  '{"username":"alex","display_name":"Alex"}',
  false, ''
);

INSERT INTO auth.identities (
  id, user_id, identity_data, provider, provider_id, last_sign_in_at, created_at, updated_at
) VALUES (
  gen_random_uuid(), '11111111-1111-4111-8111-111111111106',
  jsonb_build_object('sub', '11111111-1111-4111-8111-111111111106', 'email', 'alex@challenge.demo'),
  'email', '11111111-1111-4111-8111-111111111106', now(), now(), now()
);

INSERT INTO public.profiles (id, username, display_name)
VALUES ('11111111-1111-4111-8111-111111111106', 'alex', 'Alex')
ON CONFLICT (id) DO UPDATE SET username = EXCLUDED.username, display_name = EXCLUDED.display_name;


INSERT INTO public.trades (
  user_id, pair, dir, result, entry, exit, sl, tp, pnl, rr, risk_pct, setup, notes,
  market_type, leverage, quantity, position_usdt, created_at
) VALUES
  ('11111111-1111-4111-8111-111111111101', 'BTCUSDT', 'LONG', 'WIN', 94200, 95180, 93650, 95200, 4.2, '1:2', 5, 'Breakout', '4H breakout + volume, isolated 8x', 'USDT-M', 8, 0.0047, 443, now() - interval '44 days'),
  ('11111111-1111-4111-8111-111111111101', 'ETHUSDT', 'LONG', 'LOSS', 3380, 3345, 3345, 3460, -1.85, '1:2.5', 5, 'FVG / Imbalance', 'High funding — stopped out', 'USDT-M', 10, 0.14, 473, now() - interval '42 days'),
  ('11111111-1111-4111-8111-111111111101', 'BTCUSDT', 'SHORT', 'WIN', 96800, 96150, 97200, 96100, 3.1, '1:2', 4.5, 'Liquidity Sweep', 'Asia high sweep', 'USDT-M', 8, 0.0035, 339, now() - interval '40 days'),
  ('11111111-1111-4111-8111-111111111101', 'SOLUSDT', 'LONG', 'LOSS', 178.5, 175.2, 175, 185, -2.4, '1:2', 5, 'Retest', 'Alt weak vs BTC', 'USDT-M', 10, 2.8, 500, now() - interval '38 days'),
  ('11111111-1111-4111-8111-111111111101', 'BTCUSDT', 'LONG', 'WIN', 95500, 96450, 95000, 96500, 6.8, '1:2.5', 4, 'Order Block', 'Daily OB + 1H BOS', 'USDT-M', 8, 0.0055, 525, now() - interval '35 days'),
  ('11111111-1111-4111-8111-111111111101', 'ETHUSDT', 'LONG', 'WIN', 3290, 3365, 3260, 3370, 5.5, '1:2', 4, 'Trend Continuation', 'ETH/BTC ratio up', 'USDT-M', 8, 0.16, 526, now() - interval '33 days'),
  ('11111111-1111-4111-8111-111111111101', 'BTCUSDT', 'LONG', 'LOSS', 97100, 96600, 96600, 98200, -3.2, '1:2.5', 4, 'Breakout', 'False breakout CME gap', 'USDT-M', 8, 0.0048, 466, now() - interval '30 days'),
  ('11111111-1111-4111-8111-111111111101', 'BTCUSDT', 'LONG', 'WIN', 96200, 97250, 95750, 97300, 8.9, '1:2.5', 3.5, 'Range Retest', 'Broken range retest', 'USDT-M', 7, 0.0065, 625, now() - interval '28 days'),
  ('11111111-1111-4111-8111-111111111101', 'ETHUSDT', 'SHORT', 'WIN', 3450, 3395, 3480, 3390, 7.4, '1:2', 3.5, 'Reversal', '4H bear div + liquidity', 'USDT-M', 7, 0.18, 621, now() - interval '25 days'),
  ('11111111-1111-4111-8111-111111111101', 'BTCUSDT', 'LONG', 'WIN', 97800, 99200, 97200, 99300, 12.3, '1:3', 3.5, 'Breakout', 'Weekly close above resistance', 'USDT-M', 7, 0.0075, 734, now() - interval '22 days'),
  ('11111111-1111-4111-8111-111111111101', 'SOLUSDT', 'LONG', 'LOSS', 185, 181.5, 181, 192, -4.5, '1:2.5', 3.5, 'Breakout', 'BTC dump dragged alts', 'USDT-M', 8, 3.2, 592, now() - interval '20 days'),
  ('11111111-1111-4111-8111-111111111101', 'BTCUSDT', 'LONG', 'WIN', 98500, 100100, 97900, 100200, 15.8, '1:3', 3, 'Order Block', 'A+ 3 confluences', 'USDT-M', 6, 0.008, 788, now() - interval '18 days'),
  ('11111111-1111-4111-8111-111111111101', 'ETHUSDT', 'LONG', 'WIN', 3420, 3510, 3385, 3520, 11.2, '1:2.5', 3, 'FVG / Imbalance', 'FVG fill + BOS', 'USDT-M', 6, 0.22, 752, now() - interval '15 days'),
  ('11111111-1111-4111-8111-111111111101', 'BTCUSDT', 'LONG', 'LOSS', 100500, 99800, 99800, 101800, -6.1, '1:3', 3, 'Trend Continuation', 'Revenge entry — broke rules', 'USDT-M', 6, 0.0055, 553, now() - interval '13 days'),
  ('11111111-1111-4111-8111-111111111101', 'BTCUSDT', 'LONG', 'WIN', 99100, 100600, 98600, 100700, 18.5, '1:3', 3, 'Liquidity Sweep', 'NY open sweep', 'USDT-M', 5, 0.009, 892, now() - interval '10 days'),
  ('11111111-1111-4111-8111-111111111101', 'ETHUSDT', 'LONG', 'WIN', 3480, 3585, 3440, 3590, 14.3, '1:2.5', 2.5, 'Breakout', 'ETH leading BTC', 'USDT-M', 5, 0.25, 870, now() - interval '8 days'),
  ('11111111-1111-4111-8111-111111111101', 'BTCUSDT', 'LONG', 'WIN', 100800, 102900, 100200, 103000, 22.1, '1:3.5', 2.5, 'Order Block', 'Best trade so far', 'USDT-M', 5, 0.0095, 958, now() - interval '6 days'),
  ('11111111-1111-4111-8111-111111111101', 'SOLUSDT', 'LONG', 'LOSS', 192, 188.5, 188, 199, -5.8, '1:2.5', 2.5, 'Retest', 'Overextended alt', 'USDT-M', 5, 4, 768, now() - interval '4 days'),
  ('11111111-1111-4111-8111-111111111101', 'BTCUSDT', 'LONG', 'WIN', 102200, 103800, 101700, 103900, 19.4, '1:3', 2.5, 'Trend Continuation', 'Pullback to EMA21', 'USDT-M', 5, 0.0095, 971, now() - interval '2 days'),
  ('11111111-1111-4111-8111-111111111101', 'ETHUSDT', 'LONG', 'WIN', 3550, 3632, 3515, 3640, 13.07, '1:2.5', 2.5, 'Range Retest', 'Disciplined size', 'USDT-M', 5, 0.28, 994, now() - interval '0 days'),
  ('11111111-1111-4111-8111-111111111102', 'BTCUSDT', 'LONG', 'WIN', 95000, 95800, 94500, 95900, 8.2, '1:2', 5, 'Breakout', 'Clean 4H break', 'USDT-M', 10, 0.005, 475, now() - interval '30 days'),
  ('11111111-1111-4111-8111-111111111102', 'BTCUSDT', 'LONG', 'LOSS', 96200, 95700, 95700, 97200, -4.5, '1:2.5', 5, 'Retest', 'Stopped at SL', 'USDT-M', 10, 0.004, 385, now() - interval '28 days'),
  ('11111111-1111-4111-8111-111111111102', 'ETHUSDT', 'LONG', 'WIN', 3350, 3420, 3320, 3430, 6.8, '1:2', 4, 'Order Block', '', 'USDT-M', 8, 0.15, 502, now() - interval '25 days'),
  ('11111111-1111-4111-8111-111111111102', 'BTCUSDT', 'SHORT', 'WIN', 97500, 96800, 98000, 96700, 5.6, '1:2', 4, 'Liquidity Sweep', '', 'USDT-M', 8, 0.004, 390, now() - interval '22 days'),
  ('11111111-1111-4111-8111-111111111102', 'SOLUSDT', 'LONG', 'LOSS', 180, 176, 176, 188, -3.8, '1:2', 4, 'Breakout', 'Alt dump', 'USDT-M', 10, 3, 540, now() - interval '20 days'),
  ('11111111-1111-4111-8111-111111111102', 'BTCUSDT', 'LONG', 'WIN', 96800, 98100, 96200, 98200, 11.4, '1:2.5', 3.5, 'Trend Continuation', '', 'USDT-M', 7, 0.006, 581, now() - interval '17 days'),
  ('11111111-1111-4111-8111-111111111102', 'ETHUSDT', 'LONG', 'WIN', 3400, 3495, 3365, 3500, 9.5, '1:2.5', 3.5, 'FVG / Imbalance', '', 'USDT-M', 7, 0.18, 612, now() - interval '14 days'),
  ('11111111-1111-4111-8111-111111111102', 'BTCUSDT', 'LONG', 'LOSS', 99000, 98400, 98400, 100200, -5.2, '1:3', 3.5, 'Breakout', 'False break', 'USDT-M', 7, 0.005, 495, now() - interval '11 days'),
  ('11111111-1111-4111-8111-111111111102', 'BTCUSDT', 'LONG', 'WIN', 98200, 99600, 97700, 99700, 14.8, '1:3', 3, 'Order Block', '', 'USDT-M', 6, 0.007, 687, now() - interval '8 days'),
  ('11111111-1111-4111-8111-111111111102', 'BTCUSDT', 'LONG', 'WIN', 100100, 101500, 99600, 101600, 16.2, '1:3', 3, 'Range Retest', '', 'USDT-M', 5, 0.0075, 751, now() - interval '5 days'),
  ('11111111-1111-4111-8111-111111111102', 'ETHUSDT', 'LONG', 'WIN', 3520, 3610, 3485, 3620, 12.9, '1:2.5', 2.5, 'Breakout', '', 'USDT-M', 5, 0.22, 774, now() - interval '3 days'),
  ('11111111-1111-4111-8111-111111111102', 'BTCUSDT', 'LONG', 'LOSS', 102000, 101400, 101400, 103200, -6.5, '1:3', 2.5, 'Trend Continuation', '', 'USDT-M', 5, 0.006, 612, now() - interval '1 days'),
  ('11111111-1111-4111-8111-111111111102', 'BTCUSDT', 'LONG', 'WIN', 101500, 102800, 101000, 102900, 11.4, '1:2.5', 2.5, 'Liquidity Sweep', 'Latest', 'USDT-M', 5, 0.008, 812, now() - interval '0 days'),
  ('11111111-1111-4111-8111-111111111107', 'BTCUSDT', 'LONG', 'WIN', 93800, 94600, 93300, 94700, 6.4, '1:2', 5, 'Breakout', '', 'USDT-M', 10, 0.004, 375, now() - interval '35 days'),
  ('11111111-1111-4111-8111-111111111107', 'ETHUSDT', 'SHORT', 'WIN', 3420, 3360, 3455, 3355, 5.2, '1:2', 4, 'Reversal', '', 'USDT-M', 8, 0.12, 410, now() - interval '32 days'),
  ('11111111-1111-4111-8111-111111111107', 'BTCUSDT', 'LONG', 'LOSS', 96000, 95500, 95500, 97000, -4.1, '1:2.5', 4, 'Retest', '', 'USDT-M', 8, 0.0045, 432, now() - interval '28 days'),
  ('11111111-1111-4111-8111-111111111107', 'BTCUSDT', 'LONG', 'WIN', 95200, 96400, 94700, 96500, 9.8, '1:2.5', 3.5, 'Order Block', '', 'USDT-M', 7, 0.0055, 524, now() - interval '24 days'),
  ('11111111-1111-4111-8111-111111111107', 'BTCUSDT', 'LONG', 'WIN', 97800, 99100, 97200, 99200, 11.6, '1:3', 3, 'Breakout', '', 'USDT-M', 6, 0.006, 587, now() - interval '18 days'),
  ('11111111-1111-4111-8111-111111111107', 'ETHUSDT', 'LONG', 'WIN', 3450, 3540, 3415, 3550, 10.2, '1:2.5', 3, 'FVG / Imbalance', '', 'USDT-M', 6, 0.2, 690, now() - interval '14 days'),
  ('11111111-1111-4111-8111-111111111107', 'BTCUSDT', 'LONG', 'LOSS', 100200, 99700, 99700, 101500, -5.5, '1:3', 2.5, 'Trend Continuation', '', 'USDT-M', 5, 0.005, 501, now() - interval '10 days'),
  ('11111111-1111-4111-8111-111111111107', 'BTCUSDT', 'LONG', 'WIN', 99500, 101000, 99000, 101100, 15.4, '1:3', 2.5, 'Liquidity Sweep', '', 'USDT-M', 5, 0.007, 697, now() - interval '6 days'),
  ('11111111-1111-4111-8111-111111111107', 'BTCUSDT', 'LONG', 'WIN', 101800, 103200, 101300, 103300, 14.3, '1:3', 2.5, 'Order Block', '', 'USDT-M', 5, 0.0075, 764, now() - interval '2 days'),
  ('11111111-1111-4111-8111-111111111107', 'ETHUSDT', 'LONG', 'WIN', 3580, 3660, 3545, 3670, 11, '1:2.5', 2.5, 'Range Retest', '', 'USDT-M', 5, 0.24, 859, now() - interval '0 days'),
  ('11111111-1111-4111-8111-111111111103', 'BTCUSDT', 'LONG', 'WIN', 94500, 95200, 94100, 95300, 5.6, '1:2', 5, 'Breakout', '', 'USDT-M', 10, 0.004, 378, now() - interval '28 days'),
  ('11111111-1111-4111-8111-111111111103', 'BTCUSDT', 'LONG', 'LOSS', 95800, 95300, 95300, 96800, -4, '1:2.5', 5, 'Retest', '', 'USDT-M', 10, 0.004, 383, now() - interval '25 days'),
  ('11111111-1111-4111-8111-111111111103', 'ETHUSDT', 'LONG', 'WIN', 3320, 3390, 3290, 3400, 5.8, '1:2', 4, 'Order Block', '', 'USDT-M', 8, 0.14, 465, now() - interval '22 days'),
  ('11111111-1111-4111-8111-111111111103', 'BTCUSDT', 'LONG', 'WIN', 96500, 97600, 96000, 97700, 8.2, '1:2.5', 4, 'Trend Continuation', '', 'USDT-M', 8, 0.005, 483, now() - interval '18 days'),
  ('11111111-1111-4111-8111-111111111103', 'SOLUSDT', 'LONG', 'LOSS', 182, 178, 178, 190, -3.5, '1:2', 4, 'Breakout', '', 'USDT-M', 10, 2.5, 455, now() - interval '15 days'),
  ('11111111-1111-4111-8111-111111111103', 'BTCUSDT', 'LONG', 'WIN', 98000, 99200, 97500, 99300, 10.4, '1:2.5', 3.5, 'Range Retest', '', 'USDT-M', 7, 0.0055, 539, now() - interval '12 days'),
  ('11111111-1111-4111-8111-111111111103', 'BTCUSDT', 'LONG', 'LOSS', 99500, 99000, 99000, 100500, -4.8, '1:3', 3, 'Breakout', '', 'USDT-M', 6, 0.005, 498, now() - interval '9 days'),
  ('11111111-1111-4111-8111-111111111103', 'BTCUSDT', 'LONG', 'WIN', 98800, 100200, 98300, 100300, 12.6, '1:3', 3, 'Liquidity Sweep', '', 'USDT-M', 6, 0.006, 593, now() - interval '6 days'),
  ('11111111-1111-4111-8111-111111111103', 'ETHUSDT', 'LONG', 'WIN', 3500, 3590, 3465, 3600, 10.8, '1:2.5', 2.5, 'FVG / Imbalance', '', 'USDT-M', 5, 0.18, 630, now() - interval '3 days'),
  ('11111111-1111-4111-8111-111111111103', 'BTCUSDT', 'LONG', 'WIN', 101200, 102400, 100700, 102500, 12.15, '1:2.5', 2.5, 'Order Block', '', 'USDT-M', 5, 0.007, 708, now() - interval '0 days'),
  ('11111111-1111-4111-8111-111111111104', 'BTCUSDT', 'LONG', 'WIN', 94000, 94700, 93600, 94800, 4.2, '1:2', 5, 'Breakout', '', 'USDT-M', 10, 0.0035, 329, now() - interval '25 days'),
  ('11111111-1111-4111-8111-111111111104', 'BTCUSDT', 'LONG', 'LOSS', 95500, 95000, 95000, 96500, -3.5, '1:2.5', 5, 'Retest', '', 'USDT-M', 10, 0.0035, 334, now() - interval '22 days'),
  ('11111111-1111-4111-8111-111111111104', 'ETHUSDT', 'LONG', 'WIN', 3300, 3360, 3270, 3370, 4.8, '1:2', 4, 'Order Block', '', 'USDT-M', 8, 0.12, 396, now() - interval '18 days'),
  ('11111111-1111-4111-8111-111111111104', 'BTCUSDT', 'SHORT', 'LOSS', 97000, 97400, 97400, 96200, -2.8, '1:2', 4, 'Reversal', 'Wrong bias', 'USDT-M', 8, 0.003, 291, now() - interval '15 days'),
  ('11111111-1111-4111-8111-111111111104', 'BTCUSDT', 'LONG', 'WIN', 96800, 97800, 96300, 97900, 7.2, '1:2.5', 3.5, 'Trend Continuation', '', 'USDT-M', 7, 0.0045, 436, now() - interval '12 days'),
  ('11111111-1111-4111-8111-111111111104', 'BTCUSDT', 'LONG', 'WIN', 98500, 99600, 98000, 99700, 9.5, '1:3', 3, 'Breakout', '', 'USDT-M', 6, 0.005, 493, now() - interval '8 days'),
  ('11111111-1111-4111-8111-111111111104', 'BTCUSDT', 'LONG', 'LOSS', 100000, 99500, 99500, 101000, -4.2, '1:3', 3, 'Breakout', '', 'USDT-M', 5, 0.004, 400, now() - interval '5 days'),
  ('11111111-1111-4111-8111-111111111104', 'ETHUSDT', 'LONG', 'WIN', 3480, 3560, 3445, 3570, 7.6, '1:2.5', 2.5, 'Range Retest', '', 'USDT-M', 5, 0.15, 522, now() - interval '2 days'),
  ('11111111-1111-4111-8111-111111111104', 'BTCUSDT', 'LONG', 'WIN', 101000, 102100, 100500, 102200, 8, '1:2.5', 2.5, 'Liquidity Sweep', '', 'USDT-M', 5, 0.0055, 556, now() - interval '0 days'),
  ('11111111-1111-4111-8111-111111111105', 'BTCUSDT', 'LONG', 'WIN', 93500, 94100, 93100, 94200, 3.6, '1:2', 5, 'Breakout', '', 'USDT-M', 10, 0.003, 281, now() - interval '20 days'),
  ('11111111-1111-4111-8111-111111111105', 'BTCUSDT', 'LONG', 'LOSS', 94800, 94300, 94300, 95800, -2.8, '1:2.5', 5, 'Retest', '', 'USDT-M', 10, 0.003, 284, now() - interval '17 days'),
  ('11111111-1111-4111-8111-111111111105', 'ETHUSDT', 'LONG', 'WIN', 3280, 3340, 3250, 3350, 3.8, '1:2', 4, 'Order Block', '', 'USDT-M', 8, 0.1, 328, now() - interval '14 days'),
  ('11111111-1111-4111-8111-111111111105', 'BTCUSDT', 'LONG', 'LOSS', 96000, 95500, 95500, 97000, -2.5, '1:2.5', 4, 'Breakout', '', 'USDT-M', 8, 0.003, 288, now() - interval '11 days'),
  ('11111111-1111-4111-8111-111111111105', 'BTCUSDT', 'LONG', 'WIN', 95200, 96100, 94800, 96200, 5.4, '1:2.5', 3.5, 'Trend Continuation', '', 'USDT-M', 7, 0.004, 381, now() - interval '8 days'),
  ('11111111-1111-4111-8111-111111111105', 'BTCUSDT', 'LONG', 'WIN', 97500, 98400, 97100, 98500, 6.2, '1:3', 3, 'Range Retest', '', 'USDT-M', 6, 0.0045, 439, now() - interval '5 days'),
  ('11111111-1111-4111-8111-111111111105', 'BTCUSDT', 'LONG', 'WIN', 99000, 100100, 98600, 100200, 7.8, '1:2.5', 2.5, 'Liquidity Sweep', '', 'USDT-M', 5, 0.005, 495, now() - interval '2 days'),
  ('11111111-1111-4111-8111-111111111108', 'BTCUSDT', 'LONG', 'WIN', 93000, 93600, 92600, 93700, 2.8, '1:2', 5, 'Breakout', '', 'USDT-M', 10, 0.0025, 233, now() - interval '18 days'),
  ('11111111-1111-4111-8111-111111111108', 'BTCUSDT', 'LONG', 'LOSS', 94200, 93800, 93800, 95000, -2.2, '1:2.5', 5, 'Retest', '', 'USDT-M', 10, 0.0025, 236, now() - interval '15 days'),
  ('11111111-1111-4111-8111-111111111108', 'ETHUSDT', 'LONG', 'WIN', 3250, 3300, 3220, 3310, 2.4, '1:2', 4, 'Order Block', '', 'USDT-M', 8, 0.08, 260, now() - interval '12 days'),
  ('11111111-1111-4111-8111-111111111108', 'BTCUSDT', 'LONG', 'LOSS', 95500, 95100, 95100, 96300, -2.4, '1:2.5', 4, 'Breakout', '', 'USDT-M', 8, 0.003, 287, now() - interval '9 days'),
  ('11111111-1111-4111-8111-111111111108', 'BTCUSDT', 'LONG', 'WIN', 94800, 95600, 94400, 95700, 4.2, '1:2.5', 3.5, 'Trend Continuation', '', 'USDT-M', 7, 0.0035, 332, now() - interval '6 days'),
  ('11111111-1111-4111-8111-111111111108', 'BTCUSDT', 'LONG', 'WIN', 96800, 97600, 96400, 97700, 5.6, '1:3', 3, 'Range Retest', '', 'USDT-M', 6, 0.004, 387, now() - interval '3 days'),
  ('11111111-1111-4111-8111-111111111108', 'BTCUSDT', 'LONG', 'WIN', 98500, 99300, 98100, 99400, 4.45, '1:2.5', 2.5, 'Liquidity Sweep', '', 'USDT-M', 5, 0.0045, 443, now() - interval '0 days'),
  ('11111111-1111-4111-8111-111111111106', 'BTCUSDT', 'LONG', 'WIN', 92800, 93300, 92500, 93400, 2.2, '1:2', 5, 'Breakout', 'First win', 'USDT-M', 10, 0.002, 186, now() - interval '14 days'),
  ('11111111-1111-4111-8111-111111111106', 'BTCUSDT', 'LONG', 'LOSS', 93800, 93400, 93400, 94600, -1.8, '1:2.5', 5, 'Retest', '', 'USDT-M', 10, 0.002, 188, now() - interval '11 days'),
  ('11111111-1111-4111-8111-111111111106', 'BTCUSDT', 'LONG', 'LOSS', 94500, 94100, 94100, 95300, -1.6, '1:2.5', 5, 'Breakout', 'FOMO entry', 'USDT-M', 10, 0.002, 189, now() - interval '8 days'),
  ('11111111-1111-4111-8111-111111111106', 'ETHUSDT', 'LONG', 'WIN', 3220, 3265, 3195, 3270, 1.9, '1:2', 4, 'Order Block', '', 'USDT-M', 8, 0.06, 193, now() - interval '5 days'),
  ('11111111-1111-4111-8111-111111111106', 'BTCUSDT', 'LONG', 'LOSS', 95200, 94800, 94800, 96000, -1.4, '1:2.5', 4, 'Trend Continuation', '', 'USDT-M', 8, 0.002, 190, now() - interval '3 days'),
  ('11111111-1111-4111-8111-111111111106', 'BTCUSDT', 'LONG', 'WIN', 94600, 95200, 94300, 95300, 2.9, '1:2.5', 3.5, 'Liquidity Sweep', 'Learning', 'USDT-M', 7, 0.0025, 237, now() - interval '0 days');
